{"subjective":0.9047401111474338,"objective":0.0952598888525662}