{"subjective":0.4523700555737169,"objective":0.0476299444262831,"positive":0.21147433801896046,"neutral":0.0476299444262831,"negative":0.24089571755475644}